"students","math_grades","spanish","grade_diff","better_at_math"
"Student 1",96.9774611598549,74.280360729629,22.6971004302258,TRUE
"Student 2",100,98.8209958022458,1.17900419775421,TRUE
"Student 3",90.9186288249275,82.1509402450477,8.76768857987982,TRUE
"Student 4",100,65.8086965616217,34.1913034383783,TRUE
"Student 5",78.1672619196422,100,-21.8327380803578,FALSE
"Student 6",77.7068714568554,77.8380733883023,-0.131201931446896,FALSE
"Student 7",95.6539931635839,78.6334640961784,17.0205290674055,TRUE
"Student 8",100,83.0584884047755,16.9415115952245,TRUE
"Student 9",87.1096427075248,84.5419731160214,2.56766959150336,TRUE
"Student 10",90.7367351079517,88.8106535983464,1.92608150960534,TRUE
"Student 11",79.4886201439253,68.1443436305971,11.3442765133282,TRUE
"Student 12",82.7226855857411,83.5478429214408,-0.825157335699672,FALSE
"Student 13",90.1029853303783,89.8607268382497,0.242258492128656,TRUE
"Student 14",94.0525676381881,86.7768411268583,7.27572651132976,TRUE
"Student 15",100,80.7245432750209,19.2754567249791,TRUE
"Student 16",100,65.6994067779227,34.3005932220773,TRUE
"Student 17",88.0400163547748,88.6313437315811,-0.591327376806277,FALSE
"Student 18",76.8209522306127,87.2893627196095,-10.4684104889968,FALSE
"Student 19",72.8917736000871,100,-27.1082263999129,FALSE
"Student 20",82.8641248855828,84.4764713710259,-1.61234648544311,FALSE
"Student 21",81.1764609531922,96.0473991587035,-14.8709382055114,FALSE
"Student 22",85.0858659963587,94.1296578056563,-9.0437918092976,FALSE
"Student 23",90.3956619775968,70.5889172571023,19.8067447204945,TRUE
"Student 24",82.3902774622592,80.635295177588,1.7549822846712,TRUE
"Student 25",73.9751865493773,90.0041925782221,-16.0290060288448,FALSE
"Student 26",100,100,0,FALSE
"Student 27",86.9088082359194,92.2402632764668,-5.33145504054744,FALSE
"Student 28",89.4056419493999,66.7292143222386,22.6764276271612,TRUE
"Student 29",100,79.7881803420147,20.2118196579853,TRUE
"Student 30",80.3033572573697,95.9075838735417,-15.604226616172,FALSE
"Student 31",70.4662920181726,75.2209180756236,-4.75462605745093,FALSE
"Student 32",88.2554600130239,77.8598138104821,10.3956462025418,TRUE
"Student 33",82.7093241867627,76.1417216916947,6.56760249506793,TRUE
"Student 34",91.3064860864354,78.34689438099,12.9595917054453,TRUE
"Student 35",86.091463033302,77.0794580479131,9.01200498538891,TRUE
"Student 36",91.602804213419,86.7402588929936,4.86254532042541,TRUE
"Student 37",84.0546779100251,81.0743396835889,2.98033822643626,TRUE
"Student 38",92.8701911667534,86.321542327143,6.54864883961041,TRUE
"Student 39",87.886002230492,90.9352876075122,-3.04928537702021,FALSE
"Student 40",96.6123124676526,66.1413578706004,30.4709545970522,TRUE
"Student 41",94.9378980247426,63.9204348043063,31.0174632204363,TRUE
"Student 42",86.9832694528422,94.9478887332453,-7.96461928040307,FALSE
"Student 43",93.1830092006473,98.3058484096743,-5.12283920902701,FALSE
"Student 44",92.6633998099493,92.8688782357108,-0.205478425761527,FALSE
"Student 45",74.1833322218506,100,-25.8166677781494,FALSE
"Student 46",99.1124506626629,73.6619857301811,25.4504649324818,TRUE
"Student 47",84.0108793465634,81.5698057339981,2.44107361256533,TRUE
"Student 48",76.0696484261221,91.815142822857,-15.7454943967349,FALSE
"Student 49",79.4681201647345,100,-20.5318798352655,FALSE
"Student 50",100,98.0719850353872,1.9280149646128,TRUE
"Student 51",89.2754135993509,91.4403770436383,-2.16496344428744,FALSE
"Student 52",83.1664769996635,100,-16.8335230003365,FALSE
"Student 53",99.7028647491755,92.7906177673335,6.91224698184205,TRUE
"Student 54",88.8903390116802,69.4162755702639,19.4740634414163,TRUE
"Student 55",97.9727554298196,89.8552958261874,8.11745960363211,TRUE
"Student 56",88.6143943348825,76.4465702720488,12.1678240628337,TRUE
"Student 57",88.7371306952759,97.1007201434039,-8.36358944812798,FALSE
"Student 58",94.0534726363736,85.8591704632233,8.19430217315033,TRUE
"Student 59",100,85.6855345862458,14.3144654137542,TRUE
"Student 60",91.1376894828771,70.4980287190928,20.6396607637843,TRUE
"Student 61",81.9866078994351,75.0673716269377,6.91923627249746,TRUE
"Student 62",92.6542658416916,73.0868411126947,19.5674247289969,TRUE
"Student 63",79.449089311814,68.9848321827406,10.4642571290734,TRUE
"Student 64",86.7713515605093,69.9582005142771,16.8131510462323,TRUE
"Student 65",84.6327637012953,74.4834752450541,10.1492884562413,TRUE
"Student 66",62.3700334055457,97.757572238292,-35.3875388327464,FALSE
"Student 67",78.6888502161481,100,-21.3111497838519,FALSE
"Student 68",87.3436127786579,85.3748023202892,1.96881045836869,TRUE
"Student 69",96.0090167836438,78.6468055882139,17.3622111954299,TRUE
"Student 70",90.4218072970795,64.9175592846461,25.5042480124334,TRUE
"Student 71",72.5514529609267,90.5188477136669,-17.9673947527403,FALSE
"Student 72",100,71.2374442154961,28.7625557845039,TRUE
"Student 73",100,67.834986318972,32.165013681028,TRUE
"Student 74",92.3866676438014,87.3543187201151,5.03234892368634,TRUE
"Student 75",100,75.7005315386505,24.2994684613495,TRUE
"Student 76",83.3608406950148,78.1441319200083,5.21670877500645,TRUE
"Student 77",90.6276063357432,85.1817800929916,5.44582624275151,TRUE
"Student 78",68.075917877745,98.5817558977429,-30.5058380199979,FALSE
"Student 79",94.6995579206861,91.64265693791,3.05690098277613,TRUE
"Student 80",85.5098343035138,97.6116466467175,-12.1018123432037,FALSE
"Student 81",100,80.1199968775759,19.8800031224241,TRUE
"Student 82",94.7250054814628,84.6637130328427,10.0612924486201,TRUE
"Student 83",100,77.4972796500431,22.5027203499569,TRUE
"Student 84",92.5510741757775,81.5994234656125,10.951650710165,TRUE
"Student 85",75.6575499017661,91.9094119775049,-16.2518620757388,FALSE
"Student 86",80.9104757651553,100,-19.0895242348447,FALSE
"Student 87",85.3359399828163,81.2887543978141,4.04718558500214,TRUE
"Student 88",88.3029580615798,90.2144771746101,-1.91151911303037,FALSE
"Student 89",100,66.6389990180348,33.3610009819652,TRUE
"Student 90",72.7777504168282,81.9910689700591,-9.21331855323092,FALSE
"Student 91",85.8907131433633,96.8708305988714,-10.9801174555082,FALSE
"Student 92",100,78.5905192946335,21.4094807053665,TRUE
"Student 93",100,92.9277446417104,7.07225535828957,TRUE
"Student 94",86.0516427596779,85.6803405716945,0.371302187983417,TRUE
"Student 95",76.920644665941,100,-23.079355334059,FALSE
"Student 96",92.0383754412213,94.1431175851681,-2.10474214394677,FALSE
"Student 97",100,85.2640116627886,14.7359883372114,TRUE
"Student 98",80.6792169013833,83.5962537370919,-2.91703683570853,FALSE
"Student 99",81.9405726858414,72.1722268984425,9.76834578739887,TRUE
"Student 100",65.3759514043701,79.417889857896,-14.0419384535258,FALSE
"Student 101",78.9165024932803,84.0157952802209,-5.09929278694064,FALSE
"Student 102",77.5795698199668,94.5915366091243,-17.0119667891575,FALSE
"Student 103",91.5727484003626,73.0276799108547,18.5450684895079,TRUE
"Student 104",69.2743078590555,82.9234405766953,-13.6491327176398,FALSE
"Student 105",79.2151994446353,87.0903382670432,-7.87513882240786,FALSE
"Student 106",67.9558154594368,100,-32.0441845405632,FALSE
"Student 107",95.6079066262482,86.4712567534322,9.13664987281601,TRUE
"Student 108",93.3180264382984,100,-6.68197356170162,FALSE
"Student 109",73.8327895545123,77.6738260324084,-3.84103647789611,FALSE
"Student 110",88.2174554693585,78.9526056387355,9.26484983062296,TRUE
"Student 111",88.9236070149609,75.3284351124828,13.595171902478,TRUE
"Student 112",91.7476192869479,74.9830354722197,16.7645838147282,TRUE
"Student 113",81.4278251521078,73.4175815385151,8.01024361359266,TRUE
"Student 114",95.2760257435775,88.1468705026478,7.12915524092965,TRUE
"Student 115",83.3095491918711,76.7407460480555,6.56880314381553,TRUE
"Student 116",63.8025586869411,53.8253237634763,9.97723492346482,TRUE
"Student 117",80.2077068978059,71.8832369243699,8.32446997343595,TRUE
"Student 118",89.236653515365,76.6273418484175,12.6093116669475,TRUE
"Student 119",74.8013739422168,87.8324022028666,-13.0310282606499,FALSE
"Student 120",85.4903108269267,94.4586633678656,-8.96835254093881,FALSE
"Student 121",85.024895197926,100,-14.975104802074,FALSE
"Student 122",85.8988517043713,85.7084529507531,0.190398753618211,TRUE
"Student 123",97.0760324958603,77.5239862295535,19.5520462663067,TRUE
"Student 124",90.7719862088417,73.9009697483187,16.871016460523,TRUE
"Student 125",92.1094765922157,78.2799151424232,13.8295614497925,TRUE
"Student 126",88.1960234470903,70.1162485896636,18.0797748574267,TRUE
"Student 127",89.0243590628076,96.7259706182399,-7.70161155543232,FALSE
"Student 128",74.1597216821645,93.7099366607999,-19.5502149786354,FALSE
"Student 129",91.4127807650243,81.4193446813091,9.9934360837152,TRUE
"Student 130",96.6129076552327,94.1428307343237,2.47007692090898,TRUE
"Student 131",82.3227959952792,86.6489014930815,-4.32610549780229,FALSE
"Student 132",72.9380907519617,81.0627144740732,-8.12462372211152,FALSE
"Student 133",100,100,0,FALSE
"Student 134",79.8332983580175,82.5675250085133,-2.73422665049583,FALSE
"Student 135",95.1533486030472,88.451950860643,6.70139774240427,TRUE
"Student 136",76.1839899989602,96.953132983556,-20.7691429845958,FALSE
"Student 137",95.6227597972573,83.486032194153,12.1367276031043,TRUE
"Student 138",85.9633370497269,68.7326270158442,17.2307100338827,TRUE
"Student 139",74.2568545981811,78.8306860290582,-4.57383143087711,FALSE
"Student 140",80.778478502857,90.642107884868,-9.86362938201106,FALSE
"Student 141",90.8194509010391,96.8789982350728,-6.05954733403375,FALSE
"Student 142",86.0988234117418,78.5951159307181,7.5037074810237,TRUE
"Student 143",95.2633337240362,98.0907148444811,-2.82738112044487,FALSE
"Student 144",81.2311896386413,80.3578063750537,0.87338326358757,TRUE
"Student 145",95.0133471331205,97.145337671033,-2.13199053791247,FALSE
"Student 146",82.635282824146,68.5409197916527,14.0943630324933,TRUE
"Student 147",89.4364932436229,89.7226399202166,-0.286146676593603,FALSE
"Student 148",76.9809547447688,71.1388263607808,5.84212838398797,TRUE
"Student 149",79.8289962125476,86.3257845602807,-6.49678834773309,FALSE
"Student 150",79.4372469271351,74.8683287347151,4.56891819241999,TRUE
"Student 151",88.0201990420515,66.343291718972,21.6769073230794,TRUE
"Student 152",100,83.182223488561,16.817776511439,TRUE
"Student 153",98.9273406888303,100,-1.07265931116967,FALSE
"Student 154",70.1362676646521,66.9061413220495,3.23012634260269,TRUE
"Student 155",90.9673559146185,99.6289273802066,-8.66157146558807,FALSE
"Student 156",93.7952870210226,100,-6.2047129789774,FALSE
"Student 157",80.0039938489996,86.0542460591744,-6.0502522101748,FALSE
"Student 158",93.8126534816061,92.0854032393088,1.72725024229727,TRUE
"Student 159",93.4632537540875,73.5206667563011,19.9425869977864,TRUE
"Student 160",84.8466269190906,69.818808199524,15.0278187195666,TRUE
"Student 161",64.247954821156,87.7732577935539,-23.5253029723979,FALSE
"Student 162",81.7853695538071,86.8305213606626,-5.04515180685557,FALSE
"Student 163",100,72.8490349000956,27.1509650999044,TRUE
"Student 164",80.3154689755482,100,-19.6845310244518,FALSE
"Student 165",79.2532454957273,68.6614008201675,10.5918446755598,TRUE
"Student 166",84.7280892293421,91.8475636276357,-7.11947439829362,FALSE
"Student 167",86.0106020488678,87.0274000214727,-1.01679797260499,FALSE
"Student 168",82.6704196369053,96.9023705025742,-14.231950865669,FALSE
"Student 169",93.3029489507049,75.0900137523619,18.212935198343,TRUE
"Student 170",94.3670464074458,98.30373320567,-3.93668679822419,FALSE
"Student 171",90.1337969605538,89.8765577013496,0.257239259204113,TRUE
"Student 172",79.1478674628451,91.6088620816312,-12.4609946187861,FALSE
"Student 173",88.8670872521866,69.1082114961397,19.7588757560469,TRUE
"Student 174",81.5735994660963,90.2932438726217,-8.71964440652535,FALSE
"Student 175",85.6841276766657,67.0669884655254,18.6171392111403,TRUE
"Student 176",90.2819060550108,72.0393862468472,18.2425198081636,TRUE
"Student 177",82.5762815091487,80.8267467622362,1.7495347469125,TRUE
"Student 178",84.263795341506,86.6751107719702,-2.41131543046419,FALSE
"Student 179",87.0315026251334,77.2389118013679,9.79259082376548,TRUE
"Student 180",98.504614721958,79.3055099497269,19.199104772231,TRUE
"Student 181",86.9095952128645,78.8181232918994,8.09147192096511,TRUE
"Student 182",100,87.5872070751318,12.4127929248682,TRUE
"Student 183",90.4471979463232,85.8555531395101,4.59164480681308,TRUE
"Student 184",98.3532375909587,77.5764645266145,20.7767730643443,TRUE
"Student 185",96.1095026678963,80.0862900675682,16.0232126003281,TRUE
"Student 186",62.5761390221836,100,-37.4238609778164,FALSE
"Student 187",95.7607512421083,83.8326765449584,11.9280746971499,TRUE
"Student 188",83.8489234991326,100,-16.1510765008674,FALSE
"Student 189",86.1976720771315,66.2810288884885,19.9166431886431,TRUE
"Student 190",98.8740677221859,73.4161240787113,25.4579436434745,TRUE
"Student 191",100,76.6557072495302,23.3442927504698,TRUE
"Student 192",100,91.0842003627863,8.91579963721367,TRUE
"Student 193",83.9677827289223,91.1003713726001,-7.13258864367782,FALSE
"Student 194",94.4232307256177,72.9513578879386,21.4718728376791,TRUE
"Student 195",93.7097369991215,70.1874778855832,23.5222591135383,TRUE
"Student 196",76.7177727693631,88.2843743764089,-11.5666016070458,FALSE
"Student 197",86.2963380464474,73.5069484938685,12.7893895525789,TRUE
"Student 198",90.5408685999657,86.2656160872128,4.27525251275289,TRUE
"Student 199",100,55.8062568271867,44.1937431728133,TRUE
"Student 200",83.0275020511371,81.0084345567561,2.01906749438105,TRUE
"Student 201",100,76.7952987806233,23.2047012193767,TRUE
"Student 202",96.9889112218986,100,-3.0110887781014,FALSE
"Student 203",96.5450431411848,100,-3.45495685881519,FALSE
"Student 204",86.6282231917218,87.4021533879603,-0.773930196238439,FALSE
"Student 205",91.7384433863462,81.2477720152984,10.4906713710478,TRUE
"Student 206",72.3493010114351,59.2429617592304,13.1063392522046,TRUE
"Student 207",100,95.5684095798563,4.43159042014368,TRUE
"Student 208",75.2547406032849,80.4807833595552,-5.22604275627029,FALSE
"Student 209",90.8693327375567,100,-9.13066726244334,FALSE
"Student 210",83.8820054585824,68.92758662722,14.9544188313625,TRUE
"Student 211",86.5862530244883,95.7839830994311,-9.19773007494288,FALSE
"Student 212",76.1171310774781,99.803997406088,-23.6868663286099,FALSE
"Student 213",78.5938267530571,66.7765175454223,11.8173092076349,TRUE
"Student 214",86.6471060866899,72.0529803977008,14.5941256889891,TRUE
"Student 215",85.8154437797354,100,-14.1845562202646,FALSE
"Student 216",76.1571578728891,77.7965091845117,-1.6393513116226,FALSE
"Student 217",85.8006611968285,61.971865227046,23.8287959697825,TRUE
"Student 218",100,69.9940677456151,30.0059322543849,TRUE
"Student 219",88.9733171869143,100,-11.0266828130857,FALSE
"Student 220",97.4025495335513,82.5456579557906,14.8568915777606,TRUE
"Student 221",87.8273727867577,82.0459194713784,5.78145331537925,TRUE
"Student 222",91.100725647273,81.3961357610575,9.7045898862155,TRUE
"Student 223",88.210098886534,100,-11.789901113466,FALSE
"Student 224",79.5613925022605,98.1302894538291,-18.5688969515686,FALSE
"Student 225",100,90.0991333617177,9.90086663828225,TRUE
"Student 226",87.9885214304432,100,-12.0114785695568,FALSE
"Student 227",100,70.4908425281905,29.5091574718095,TRUE
"Student 228",91.5051653683065,93.722509684349,-2.21734431604249,FALSE
"Student 229",90.5821350839315,90.6417310799915,-0.059595996060068,FALSE
"Student 230",89.392727901422,91.2250935058069,-1.83236560438488,FALSE
"Student 231",75.5041422800538,87.0268477652897,-11.5227054852359,FALSE
"Student 232",91.9437746856275,68.3183852700588,23.6253894155687,TRUE
"Student 233",77.9469269383024,92.4885055054309,-14.5415785671285,FALSE
"Student 234",91.0162277921697,100,-8.98377220783026,FALSE
"Student 235",84.2940563668981,74.3264219912494,9.96763437564871,TRUE
"Student 236",79.416602636334,66.913217945069,12.503384691265,TRUE
"Student 237",100,96.5396277755493,3.46037222445074,TRUE
"Student 238",89.2652005895718,82.8358800289186,6.4293205606532,TRUE
"Student 239",86.2568993521614,85.91236498386,0.344534368301424,TRUE
"Student 240",75.5698894822778,86.9982360443527,-11.4283465620749,FALSE
"Student 241",92.8533842521104,100,-7.14661574788963,FALSE
"Student 242",83.1240666143963,70.6400095671098,12.4840570472865,TRUE
"Student 243",99.251472321815,65.9873668771717,33.2641054446433,TRUE
"Student 244",74.1280503404086,100,-25.8719496595914,FALSE
"Student 245",90.4186483705104,76.5945893430675,13.8240590274429,TRUE
"Student 246",75.6656204868041,85.7661093327131,-10.1004888459089,FALSE
"Student 247",100,79.6211713279387,20.3788286720613,TRUE
"Student 248",76.6097635141022,90.2669005075001,-13.6571369933979,FALSE
"Student 249",74.6876155615095,82.9799927882957,-8.29237722678621,FALSE
"Student 250",90.4370689833257,68.0755326253982,22.3615363579275,TRUE
"Student 251",85.5115935072912,77.5671467550297,7.94444675226146,TRUE
"Student 252",88.4378702461114,73.0193369244517,15.4185333216597,TRUE
"Student 253",100,100,0,FALSE
"Student 254",96.048964525209,77.7223351341029,18.3266293911061,TRUE
"Student 255",83.3606358375864,99.1667696012051,-15.8061337636187,FALSE
"Student 256",94.8120163559677,89.6409298340172,5.17108652195047,TRUE
"Student 257",83.1674186228414,77.2347177361768,5.93270088666462,TRUE
"Student 258",87.4848903276342,63.8077825122846,23.6771078153497,TRUE
"Student 259",83.8194387781569,90.1631174277779,-6.343678649621,FALSE
"Student 260",83.7821849000963,78.7643526636452,5.01783223645104,TRUE
"Student 261",97.211172810199,74.1368828463969,23.0742899638022,TRUE
"Student 262",85.1147257319226,75.3214846534933,9.79324107842929,TRUE
"Student 263",68.7568337598719,63.869585136525,4.88724862334689,TRUE
"Student 264",80.7616436855545,78.4241026096642,2.3375410758903,TRUE
"Student 265",75.4391252182217,88.2721799790859,-12.8330547608642,FALSE
"Student 266",83.7902266026197,100,-16.2097733973803,FALSE
"Student 267",84.3188616248359,100,-15.6811383751641,FALSE
"Student 268",74.5871030578201,100,-25.4128969421799,FALSE
"Student 269",81.9623433040379,93.1411931986787,-11.1788498946409,FALSE
"Student 270",85.2848598915748,98.6329432209262,-13.3480833293514,FALSE
"Student 271",81.6901224654567,79.5925642483357,2.09755821712103,TRUE
"Student 272",71.6949922870013,99.4931302233979,-27.7981379363965,FALSE
"Student 273",84.2283076594212,70.7936722383472,13.434635421074,TRUE
"Student 274",86.3351057233468,81.1213751373135,5.21373058603325,TRUE
"Student 275",76.8848032238941,67.3666478927819,9.51815533111213,TRUE
"Student 276",75.9530941861724,99.6855198001317,-23.7324256139593,FALSE
"Student 277",80.828819289342,81.2444472130187,-0.415627923676652,FALSE
"Student 278",100,100,0,FALSE
"Student 279",88.8429747929224,87.5462486929493,1.29672609997311,TRUE
"Student 280",99.6081524151387,83.985061760007,15.6230906551317,TRUE
"Student 281",78.5274851459095,83.1818422462578,-4.65435710034825,FALSE
"Student 282",84.0012283653139,83.9864236919432,0.014804673370719,TRUE
"Student 283",82.5868610661275,93.1593516156583,-10.5724905495308,FALSE
"Student 284",86.0098108556574,65.5277904752443,20.4820203804131,TRUE
"Student 285",91.5328719481026,71.0667218966919,20.4661500514107,TRUE
"Student 286",90.9878188573866,75.1170979180737,15.8707209393129,TRUE
"Student 287",84.4841411995978,80.7085105442625,3.77563065533523,TRUE
"Student 288",91.3282103779536,61.7602798126646,29.567930565289,TRUE
"Student 289",76.5148428503139,88.6146597653263,-12.0998169150124,FALSE
"Student 290",100,82.4742279243585,17.5257720756415,TRUE
"Student 291",83.6531779522373,72.0139054609504,11.6392724912868,TRUE
"Student 292",84.424356225734,78.0872888912299,6.33706733450404,TRUE
"Student 293",87.5259476784449,84.4005285775149,3.12541910092999,TRUE
"Student 294",81.7010935466586,89.1744883191296,-7.47339477247097,FALSE
"Student 295",87.833989901807,71.8874256819441,15.946564219863,TRUE
"Student 296",85.9049180249865,81.7413272339605,4.163590791026,TRUE
"Student 297",91.4448889789733,92.4812898473555,-1.03640086838226,FALSE
"Student 298",78.082978838029,80.5322987777934,-2.44931993976434,FALSE
"Student 299",82.802732663063,90.5553627507471,-7.75263008768414,FALSE
"Student 300",77.0845916873746,78.4242580250607,-1.33966633768607,FALSE
"Student 301",62.983514142412,94.27647245062,-31.2929583082081,FALSE
"Student 302",83.4996161906433,70.5901457962251,12.9094703944182,TRUE
"Student 303",83.6880372099908,90.4123988108813,-6.72436160089043,FALSE
"Student 304",93.3495502307959,82.1093770987779,11.240173132018,TRUE
"Student 305",80.3600885578874,92.5955867173766,-12.2354981594893,FALSE
"Student 306",95.6828879297988,86.1314792115685,9.55140871823036,TRUE
"Student 307",82.6239054618663,79.5644860440089,3.05941941785743,TRUE
"Student 308",81.0854268411123,58.7054458058011,22.3799810353111,TRUE
"Student 309",86.8340984366559,90.8664732327506,-4.03237479609463,FALSE
"Student 310",98.722285565328,87.5429012782757,11.1793842870523,TRUE
"Student 311",87.130953684468,98.6177501066223,-11.4867964221543,FALSE
"Student 312",100,100,0,FALSE
"Student 313",88.1467892003915,98.4034567650851,-10.2566675646936,FALSE
"Student 314",93.100468032808,67.4244263738437,25.6760416589643,TRUE
"Student 315",81.6904069086019,96.3058843593451,-14.6154774507432,FALSE
"Student 316",94.6687111381368,87.804652122358,6.86405901577876,TRUE
"Student 317",96.3379936958155,87.1352749722269,9.20271872358859,TRUE
"Student 318",93.8573649760138,79.8013316288782,14.0560333471356,TRUE
"Student 319",100,100,0,FALSE
"Student 320",90.2987672546904,89.513586690529,0.785180564161422,TRUE
"Student 321",57.1044014817704,100,-42.8955985182296,FALSE
"Student 322",67.3530152543426,88.7276568043426,-21.37464155,FALSE
"Student 323",97.3011905764557,95.0833277967613,2.2178627796944,TRUE
"Student 324",68.2719619031255,81.7975025120154,-13.5255406088898,FALSE
"Student 325",93.2684104279712,72.8352751521911,20.43313527578,TRUE
"Student 326",99.9617012080133,59.9329656241415,40.0287355838718,TRUE
"Student 327",97.595304674775,100,-2.40469532522499,FALSE
"Student 328",100,100,0,FALSE
"Student 329",85.2793631856086,84.6316347399297,0.647728445678908,TRUE
"Student 330",93.6822403052789,93.8972154045404,-0.214975099261537,FALSE
"Student 331",86.7964528773679,99.6169102994377,-12.8204574220698,FALSE
"Student 332",79.0096324517443,91.7528996183053,-12.7432671665611,FALSE
"Student 333",80.8775198666432,70.3882971689028,10.4892226977404,TRUE
"Student 334",98.1938792383796,98.8510453604647,-0.657166122085073,FALSE
"Student 335",100,81.1911588720502,18.8088411279498,TRUE
"Student 336",85.2805969221468,71.3652352005564,13.9153617215904,TRUE
"Student 337",100,100,0,FALSE
"Student 338",84.3450215985956,87.0966142784296,-2.75159267983399,FALSE
"Student 339",79.2275310909265,73.7493248805183,5.47820621040822,TRUE
"Student 340",81.2161183956742,82.7845557147004,-1.56843731902616,FALSE
"Student 341",86.0975309781507,100,-13.9024690218493,FALSE
"Student 342",97.5722613945961,85.833218828613,11.7390425659831,TRUE
"Student 343",76.2109720790488,78.2960338794452,-2.0850618003964,FALSE
"Student 344",87.3334270387154,96.4217578544924,-9.088330815777,FALSE
"Student 345",77.1933570515793,88.5711664382536,-11.3778093866743,FALSE
"Student 346",90.2672362727212,95.4075823243088,-5.14034605158763,FALSE
"Student 347",84.9689735369905,81.8770840176419,3.09188951934854,TRUE
"Student 348",82.3132953792024,87.7760417630841,-5.46274638388178,FALSE
"Student 349",89.6737423506375,82.9777223547285,6.69601999590905,TRUE
"Student 350",84.0770935324454,87.1761748561087,-3.09908132366327,FALSE
"Student 351",71.3017267621277,73.5874221610092,-2.28569539888151,FALSE
"Student 352",95.3367739561947,89.2630722466978,6.07370170949693,TRUE
"Student 353",85.0731837408672,87.8067485239148,-2.7335647830476,FALSE
"Student 354",94.7809206176555,83.9908908704088,10.7900297472467,TRUE
"Student 355",83.1155616762969,76.9443068931606,6.17125478313631,TRUE
"Student 356",85.3346726644477,84.6905194890247,0.644153175423028,TRUE
"Student 357",58.1313296678999,94.3933545910547,-36.2620249231548,FALSE
"Student 358",83.2363142780406,65.7722409798121,17.4640732982285,TRUE
"Student 359",90.5675143883361,78.618768013343,11.9487463749932,TRUE
"Student 360",85.7962479838785,82.3889571474272,3.4072908364513,TRUE
"Student 361",86.9252364962092,80.3561128527416,6.56912364346762,TRUE
"Student 362",100,100,0,FALSE
"Student 363",79.6594006139535,83.6700805553634,-4.01067994140993,FALSE
"Student 364",80.7527234022884,99.8431816982483,-19.0904582959599,FALSE
"Student 365",92.7710429864922,100,-7.2289570135078,FALSE
"Student 366",92.0232950096563,83.3762324689393,8.647062540717,TRUE
"Student 367",100,67.9257135280122,32.0742864719878,TRUE
"Student 368",96.4740417784252,83.6457827870959,12.8282589913293,TRUE
"Student 369",100,87.8247543531267,12.1752456468733,TRUE
"Student 370",83.670779726199,98.4410371857133,-14.7702574595143,FALSE
"Student 371",91.0516487236972,91.4594915910071,-0.407842867309824,FALSE
"Student 372",93.5963331593133,79.132456823262,14.4638763360513,TRUE
"Student 373",89.2918441359834,89.2601501617893,0.0316939741940701,TRUE
"Student 374",87.1842347738585,82.1323275323395,5.05190724151898,TRUE
"Student 375",76.2564330778237,63.1640704572278,13.0923626205959,TRUE
"Student 376",100,84.8712659229183,15.1287340770817,TRUE
"Student 377",86.4407664954934,67.6847143065232,18.7560521889702,TRUE
"Student 378",100,87.4121288016403,12.5878711983597,TRUE
"Student 379",83.944959953798,100,-16.055040046202,FALSE
"Student 380",93.2841343069298,93.3864339743453,-0.102299667415522,FALSE
"Student 381",96.2177477231054,84.1051879801359,12.1125597429695,TRUE
"Student 382",98.0209471284985,100,-1.97905287150145,FALSE
"Student 383",78.3938822041184,69.3872772040545,9.00660500006387,TRUE
"Student 384",79.0176400367218,85.7894470033544,-6.77180696663265,FALSE
"Student 385",79.6150446793712,83.7114997815436,-4.0964551021724,FALSE
"Student 386",78.1743372063311,83.80415021703,-5.62981301069883,FALSE
"Student 387",85.9919691580195,67.5549968627251,18.4369722952944,TRUE
"Student 388",79.0260878676556,93.3361387115887,-14.3100508439331,FALSE
"Student 389",97.3482047577496,68.5911771282498,28.7570276294998,TRUE
"Student 390",82.5828863772885,77.7010994288923,4.88178694839625,TRUE
"Student 391",81.6867217835442,94.7248468986331,-13.0381251150889,FALSE
"Student 392",100,79.4966959807712,20.5033040192288,TRUE
"Student 393",85.4605795996454,85.5009570220576,-0.0403774224121491,FALSE
"Student 394",100,56.8773985566663,43.1226014433337,TRUE
"Student 395",88.681254952865,79.7675875995682,8.9136673532968,TRUE
"Student 396",84.6764179043455,91.2945752169169,-6.61815731257138,FALSE
"Student 397",81.7274108763457,73.1770701229824,8.55034075336334,TRUE
"Student 398",89.2260928412526,91.6191977592435,-2.39310491799084,FALSE
"Student 399",79.7277977381058,83.032631756106,-3.30483401800025,FALSE
"Student 400",74.5970978536956,68.9120356478663,5.68506220582928,TRUE
"Student 401",100,89.6534119766082,10.3465880233918,TRUE
"Student 402",77.8964619378489,86.3467713796427,-8.45030944179381,FALSE
"Student 403",91.0428281094635,75.3018740078292,15.7409541016343,TRUE
"Student 404",80.3714106348985,76.1234264127816,4.24798422211697,TRUE
"Student 405",97.1499742250961,81.4718309253343,15.6781432997618,TRUE
"Student 406",73.7941414937278,78.0657953737584,-4.27165388003063,FALSE
"Student 407",85.9403853466759,85.6981045198847,0.242280826791173,TRUE
"Student 408",100,100,0,FALSE
"Student 409",87.7684493312517,92.3063454396247,-4.53789610837293,FALSE
"Student 410",81.5538633779964,84.7744050405598,-3.22054166256343,FALSE
"Student 411",87.7826451422001,87.0418139224745,0.740831219725536,TRUE
"Student 412",98.9484081914511,63.677927161844,35.2704810296072,TRUE
"Student 413",92.7019819114831,95.6384872305363,-2.9365053190532,FALSE
"Student 414",97.4835025960516,70.4317571536036,27.0517454424481,TRUE
"Student 415",99.0308273472221,100,-0.969172652777942,FALSE
"Student 416",94.1188300746311,74.4667320383653,19.6520980362658,TRUE
"Student 417",77.3055579174703,54.6660766943897,22.6394812230806,TRUE
"Student 418",85.3965506330582,78.364898553234,7.03165207982421,TRUE
"Student 419",83.6858992088353,82.3966119706535,1.28928723818183,TRUE
"Student 420",98.8662840095234,100,-1.13371599047657,FALSE
"Student 421",91.9272186889882,100,-8.07278131101182,FALSE
"Student 422",99.8997127694146,87.4492674728477,12.4504452965669,TRUE
"Student 423",97.0748143386463,74.6707141189759,22.4041002196704,TRUE
"Student 424",86.0837182375432,87.6413742008339,-1.55765596329069,FALSE
"Student 425",92.4759704673987,96.0558942733772,-3.57992380597859,FALSE
"Student 426",80.8226382928392,93.5625101346209,-12.7398718417817,FALSE
"Student 427",79.1824373240823,88.5048268580501,-9.32238953396779,FALSE
"Student 428",94.4598887293335,91.6199249999145,2.83996372941898,TRUE
"Student 429",88.8589115035227,88.0664353006403,0.792476202882327,TRUE
"Student 430",90.1090831343919,80.664875247753,9.44420788663891,TRUE
"Student 431",93.4568936949124,83.9329754084022,9.5239182865102,TRUE
"Student 432",81.8306167044121,95.5254901779643,-13.6948734735522,FALSE
"Student 433",69.6805864980922,86.594098788741,-16.9135122906488,FALSE
"Student 434",86.3043913538995,99.2424175813182,-12.9380262274187,FALSE
"Student 435",92.4035233469143,77.1527139751539,15.2508093717604,TRUE
"Student 436",91.4395686527303,82.7096532390252,8.72991541370514,TRUE
"Student 437",96.7336046098945,75.3769490130348,21.3566555968596,TRUE
"Student 438",73.4400415671713,86.4881827034151,-13.0481411362438,FALSE
"Student 439",73.5751109047951,91.4882675910393,-17.9131566862442,FALSE
"Student 440",89.5155118693546,93.2372184812965,-3.72170661194193,FALSE
"Student 441",79.2664420728346,83.7667728763132,-4.50033080347862,FALSE
"Student 442",68.3546094270447,76.6401757787608,-8.28556635171613,FALSE
"Student 443",67.9357873291592,88.3554597224799,-20.4196723933208,FALSE
"Student 444",72.1655688453368,82.1938205462863,-10.0282517009495,FALSE
"Student 445",84.6613357598092,86.2320109086391,-1.57067514882992,FALSE
"Student 446",99.024401126853,97.1816446654519,1.84275646140115,TRUE
"Student 447",79.3777123275823,100,-20.6222876724177,FALSE
"Student 448",90.6111998776341,94.5437216064249,-3.93252172879082,FALSE
"Student 449",81.7844935490601,100,-18.2155064509399,FALSE
"Student 450",95.1183519238834,90.0050612438063,5.11329068007703,TRUE
"Student 451",100,94.9955648417944,5.00443515820561,TRUE
"Student 452",84.484886457511,83.2991433494698,1.18574310804112,TRUE
"Student 453",86.4403451434465,73.0023385620106,13.4380065814359,TRUE
"Student 454",84.5268399376135,100,-15.4731600623865,FALSE
"Student 455",89.6962516308173,91.3973905064198,-1.7011388756025,FALSE
"Student 456",93.1267489186318,89.216406112489,3.91034280614282,TRUE
"Student 457",93.3984745443458,100,-6.60152545565415,FALSE
"Student 458",72.4798079569368,73.1715878084625,-0.691779851525723,FALSE
"Student 459",98.525003528017,85.7038418829656,12.8211616450513,TRUE
"Student 460",76.4416444513976,71.7571526716365,4.68449177976112,TRUE
"Student 461",77.8596357106637,90.7415393273327,-12.881903616669,FALSE
"Student 462",100,76.4585974352378,23.5414025647622,TRUE
"Student 463",95.6331062125671,90.4245975556592,5.20850865690788,TRUE
"Student 464",79.7744985472098,89.0951339774065,-9.32063543019666,FALSE
"Student 465",68.6413730316619,82.6799402933103,-14.0385672616484,FALSE
"Student 466",78.6377289452484,71.8861220194342,6.75160692581423,TRUE
"Student 467",92.1401900170877,100,-7.85980998291231,FALSE
"Student 468",88.7979966949899,81.9406828108796,6.85731388411024,TRUE
"Student 469",86.8364847675948,100,-13.1635152324052,FALSE
"Student 470",84.9798437113138,68.7111012120969,16.2687424992169,TRUE
"Student 471",91.6229253070126,89.12031012056,2.50261518645256,TRUE
"Student 472",92.7942170342616,82.8282998215935,9.96591721266809,TRUE
"Student 473",88.8431257905195,95.1602671093171,-6.31714131879762,FALSE
"Student 474",99.5966788436877,59.3528866298017,40.243792213886,TRUE
"Student 475",96.7937584949219,90.3853623942843,6.40839610063755,TRUE
"Student 476",77.0527138811119,100,-22.9472861188881,FALSE
"Student 477",88.1211222969477,99.2350205098022,-11.1138982128546,FALSE
"Student 478",95.3615465146319,90.8925270504519,4.46901946418004,TRUE
"Student 479",78.2793827479772,88.2438721582937,-9.9644894103165,FALSE
"Student 480",86.5100541818969,82.6445336821361,3.86552049976078,TRUE
"Student 481",96.4681069886432,89.3699122502221,7.09819473842113,TRUE
"Student 482",88.5962749911383,89.7048235226821,-1.10854853154382,FALSE
"Student 483",71.0674433092191,96.9886575988614,-25.9212142896423,FALSE
"Student 484",90.7244343033333,84.2147291182572,6.50970518507607,TRUE
"Student 485",89.7837163352083,82.7243863720436,7.05932996316476,TRUE
"Student 486",89.1531864919124,64.7930829571856,24.3601035347268,TRUE
"Student 487",75.6021588989027,73.2646880524794,2.33747084642327,TRUE
"Student 488",100,82.5790525033942,17.4209474966058,TRUE
"Student 489",72.0181757790216,85.9352882981129,-13.9171125190913,FALSE
"Student 490",70.9923743162922,100,-29.0076256837078,FALSE
"Student 491",87.2688101862589,81.6408694067218,5.62794077953713,TRUE
"Student 492",100,89.6605813369084,10.3394186630916,TRUE
"Student 493",100,93.941486242145,6.05851375785504,TRUE
"Student 494",59.5412836987493,86.5595777077304,-27.0182940089812,FALSE
"Student 495",81.1750221915584,74.613361274506,6.56166091705238,TRUE
"Student 496",76.2845400545614,86.3923858257126,-10.1078457711512,FALSE
"Student 497",82.7207156886724,88.1137435066765,-5.39302781800411,FALSE
"Student 498",77.2016234958739,90.9734035252103,-13.7717800293364,FALSE
"Student 499",87.1196950759368,75.6881285456303,11.4315665303065,TRUE
"Student 500",77.6629922129205,88.4532949475133,-10.7903027345928,FALSE
"Student 501",98.1898655703214,92.3267333593774,5.86313221094403,TRUE
"Student 502",78.1884948727964,85.4089327514928,-7.22043787869644,FALSE
"Student 503",87.3874982146807,84.0545548889394,3.33294332574134,TRUE
"Student 504",82.0372489937182,78.8445527486507,3.19269624506752,TRUE
"Student 505",100,76.9706034210107,23.0293965789893,TRUE
"Student 506",79.4802211656662,88.1244990092361,-8.64427784356988,FALSE
"Student 507",81.4182542211878,77.1814295529841,4.23682466820377,TRUE
"Student 508",64.4679214920066,99.1783733229312,-34.7104518309246,FALSE
"Student 509",77.8030828919018,95.8932073269817,-18.0901244350799,FALSE
"Student 510",79.7264035842531,76.8788300564705,2.8475735277826,TRUE
"Student 511",78.1249551469655,72.1273003032266,5.9976548437389,TRUE
"Student 512",97.35544386565,72.1415378084121,25.2139060572379,TRUE
"Student 513",96.8549485596958,90.0952330186225,6.75971554107335,TRUE
"Student 514",73.3739731478328,84.6084931988116,-11.2345200509788,FALSE
"Student 515",89.7959109350139,97.0318880409427,-7.23597710592882,FALSE
"Student 516",89.7875309606118,81.7456981856528,8.04183277495898,TRUE
"Student 517",84.366544402809,84.5259013277789,-0.159356924969828,FALSE
"Student 518",91.9969213283653,86.4002153105184,5.59670601784687,TRUE
"Student 519",70.412131115923,68.4851155932054,1.92701552271758,TRUE
"Student 520",79.1885269628007,100,-20.8114730371993,FALSE
"Student 521",91.6787189863425,89.7432801135378,1.93543887280468,TRUE
"Student 522",84.5048512615179,72.2846726856243,12.2201785758935,TRUE
"Student 523",92.7115361198229,72.6195510802264,20.0919850395965,TRUE
"Student 524",91.2754652107631,99.035897081185,-7.76043187042191,FALSE
"Student 525",81.8836594915558,100,-18.1163405084442,FALSE
"Student 526",100,94.672450215371,5.32754978462901,TRUE
"Student 527",95.5288592718046,89.2096021277935,6.31925714401112,TRUE
"Student 528",83.9957975412231,70.376291965638,13.6195055755851,TRUE
"Student 529",91.2575026067512,82.0210578648863,9.23644474186499,TRUE
"Student 530",93.8394689223103,77.7783860110374,16.0610829112728,TRUE
"Student 531",96.2127484402596,82.6352538516736,13.577494588586,TRUE
"Student 532",86.6449359665807,85.4355467229087,1.20938924367195,TRUE
"Student 533",78.0769785973301,77.7641241630008,0.312854434329267,TRUE
"Student 534",92.3979290079741,82.0138219955505,10.3841070124237,TRUE
"Student 535",86.66448231569,68.2140237782582,18.4504585374318,TRUE
"Student 536",68.3326244071636,91.9534149273848,-23.6207905202212,FALSE
"Student 537",85.5609148988111,100,-14.4390851011889,FALSE
"Student 538",93.8368420937073,84.9871267658094,8.84971532789791,TRUE
"Student 539",100,100,0,FALSE
"Student 540",86.3824118451126,86.8366390372695,-0.454227192156935,FALSE
"Student 541",85.7586099005802,96.7937887710484,-11.0351788704682,FALSE
"Student 542",92.5874242127898,72.024437170433,20.5629870423568,TRUE
"Student 543",91.379224279679,100,-8.62077572032098,FALSE
"Student 544",93.9857198687818,83.5790958449109,10.406624023871,TRUE
"Student 545",79.6835933429004,73.5870769259501,6.09651641695035,TRUE
"Student 546",83.1747137461028,100,-16.8252862538972,FALSE
"Student 547",86.3166657660628,100,-13.6833342339372,FALSE
"Student 548",80.6044139672405,82.9527017558527,-2.34828778861227,FALSE
"Student 549",75.6371156389063,80.4148799408739,-4.77776430196768,FALSE
"Student 550",88.8093743804667,76.050078716234,12.7592956642327,TRUE
"Student 551",96.1802429377156,99.9733464199491,-3.79310348223346,FALSE
"Student 552",100,90.2187654949764,9.78123450502365,TRUE
"Student 553",95.0546668162303,69.6013649194932,25.4533018967371,TRUE
"Student 554",84.5327489942099,92.6498005192598,-8.11705152504983,FALSE
"Student 555",97.3392086025593,85.9013367732713,11.4378718292879,TRUE
"Student 556",100,66.4671745980025,33.5328254019975,TRUE
"Student 557",74.7663602144151,88.7425576881074,-13.9761974736923,FALSE
"Student 558",89.2588467109666,69.4508130362063,19.8080336747604,TRUE
"Student 559",82.2507169104447,100,-17.7492830895553,FALSE
"Student 560",74.7261889575443,100,-25.2738110424557,FALSE
"Student 561",58.3615191340288,71.4958186286657,-13.134299494637,FALSE
"Student 562",87.3087562907793,66.7216760720403,20.5870802187389,TRUE
"Student 563",92.0755159581038,92.0330429791776,0.0424729789262415,TRUE
"Student 564",80.661987282026,72.4158947895459,8.24609249248007,TRUE
"Student 565",97.1576433772732,75.3423571162663,21.8152862610069,TRUE
"Student 566",96.1979996481504,75.1777873173253,21.0202123308252,TRUE
"Student 567",73.697502955068,90.0570385136726,-16.3595355586046,FALSE
"Student 568",96.294097565083,55.3705913533246,40.9235062117584,TRUE
"Student 569",86.1694652611244,100,-13.8305347388756,FALSE
"Student 570",89.2126570267988,77.0045051515611,12.2081518752377,TRUE
"Student 571",91.5565623333478,86.0424103960948,5.51415193725299,TRUE
"Student 572",84.8048633178768,72.859031823999,11.9458314938778,TRUE
"Student 573",91.6797106140997,82.1787689934145,9.50094162068525,TRUE
"Student 574",100,97.5724677433016,2.42753225669844,TRUE
"Student 575",67.1834683125198,79.6097702459604,-12.4263019334405,FALSE
"Student 576",77.8446627792891,81.1250173323197,-3.28035455303062,FALSE
"Student 577",100,66.0292406927027,33.9707593072973,TRUE
"Student 578",86.5416108584681,95.9159267902189,-9.37431593175081,FALSE
"Student 579",93.6440821319055,80.7571831794817,12.8868989524239,TRUE
"Student 580",81.2211341672258,88.7212426986879,-7.50010853146215,FALSE
"Student 581",100,94.7288843477303,5.27111565226966,TRUE
"Student 582",84.6185338217417,77.4102846940961,7.2082491276456,TRUE
"Student 583",97.5403533170809,88.659607338536,8.88074597854485,TRUE
"Student 584",91.6538373723672,72.5772331157739,19.0766042565934,TRUE
"Student 585",75.3201494639105,75.6259106060872,-0.305761142176692,FALSE
"Student 586",80.6142885467427,94.518976812966,-13.9046882662232,FALSE
"Student 587",88.941156569208,77.8112264095636,11.1299301596444,TRUE
"Student 588",94.2904978240211,77.3096628445366,16.9808349794845,TRUE
"Student 589",100,100,0,FALSE
"Student 590",100,56.1127851096657,43.8872148903343,TRUE
"Student 591",91.3446540845319,89.2167445079328,2.12790957659904,TRUE
"Student 592",100,100,0,FALSE
"Student 593",91.3669035365579,71.2610644131907,20.1058391233672,TRUE
"Student 594",98.670512994704,93.73766449769,4.93284849701399,TRUE
"Student 595",88.9942040689998,62.8072701456898,26.18693392331,TRUE
"Student 596",84.2361149947563,100,-15.7638850052437,FALSE
"Student 597",88.506235678188,83.32249565755,5.18374002063797,TRUE
"Student 598",79.113463415325,76.5505482356489,2.56291517967605,TRUE
"Student 599",81.6758783827189,100,-18.3241216172811,FALSE
"Student 600",98.0479693881792,90.9382358340738,7.10973355410543,TRUE
"Student 601",82.2536993458628,100,-17.7463006541372,FALSE
"Student 602",93.3562231463799,88.0295662337438,5.32665691263608,TRUE
"Student 603",96.2818306163729,94.3254277591113,1.95640285726155,TRUE
"Student 604",74.2071803981703,77.0005331956791,-2.7933527975088,FALSE
"Student 605",96.932813767582,85.7879989210471,11.1448148465349,TRUE
"Student 606",96.2023803754571,89.8120733722834,6.39030700317363,TRUE
"Student 607",89.35771401018,69.2814581532517,20.0762558569283,TRUE
"Student 608",78.8667724640339,95.2603612769225,-16.3935888128885,FALSE
"Student 609",88.6484285777975,88.5827690042134,0.0656595735841421,TRUE
"Student 610",87.7810570097757,96.2429676750887,-8.46191066531298,FALSE
"Student 611",100,90.6330646933981,9.36693530660187,TRUE
"Student 612",84.9015136989791,74.1397850987578,10.7617286002213,TRUE
"Student 613",85.9169196568409,86.2452805268775,-0.328360870036562,FALSE
"Student 614",75.0968772406448,87.8127458223599,-12.7158685817151,FALSE
"Student 615",75.1493478714378,76.1597338133084,-1.01038594187065,FALSE
"Student 616",89.5069801431878,60.6698823408319,28.837097802356,TRUE
"Student 617",92.8465504541253,100,-7.15344954587468,FALSE
"Student 618",78.0195499246934,76.5311230383237,1.48842688636971,TRUE
"Student 619",83.4157947299917,83.2445889345586,0.171205795433096,TRUE
"Student 620",100,100,0,FALSE
"Student 621",100,87.1057128733926,12.8942871266074,TRUE
"Student 622",82.1746195330714,91.728383402347,-9.55376386927556,FALSE
"Student 623",89.2675120620216,79.6214406052256,9.64607145679598,TRUE
"Student 624",95.5235397317073,100,-4.47646026829266,FALSE
"Student 625",79.4500919111325,98.7756119222363,-19.3255200111038,FALSE
"Student 626",84.6205050858608,85.5366279805621,-0.916122894701346,FALSE
"Student 627",81.2442190356908,90.6940230975825,-9.44980406189163,FALSE
"Student 628",97.2987956966162,77.6106455816913,19.688150114925,TRUE
"Student 629",85.8769516133895,81.4876057100827,4.38934590330673,TRUE
"Student 630",90.1497466328086,56.8131691193028,33.3365775135058,TRUE
"Student 631",82.7186532729517,97.9410173284978,-15.2223640555461,FALSE
"Student 632",70.6171778284147,83.1802291903127,-12.563051361898,FALSE
"Student 633",93.5760497559524,87.9211444819881,5.65490527396439,TRUE
"Student 634",99.4163247710795,91.6842066795863,7.73211809149319,TRUE
"Student 635",100,87.9604800913248,12.0395199086752,TRUE
"Student 636",97.2013063725323,85.8732681565074,11.3280382160249,TRUE
"Student 637",85.0336563775295,88.0821744507383,-3.04851807320885,FALSE
"Student 638",89.9589443118674,93.905711410169,-3.94676709830162,FALSE
"Student 639",81.360435833764,74.9294532826705,6.43098255109346,TRUE
"Student 640",95.6147102803198,100,-4.38528971968022,FALSE
"Student 641",86.9232250768262,71.0880486824544,15.8351763943718,TRUE
"Student 642",86.3252701736884,72.3284322733127,13.9968379003757,TRUE
"Student 643",92.3760965121337,100,-7.62390348786631,FALSE
"Student 644",79.5251496446313,81.3896474731247,-1.86449782849333,FALSE
"Student 645",85.8996452342434,79.0400435746613,6.85960165958213,TRUE
"Student 646",96.4426335477735,87.6621688172815,8.78046473049203,TRUE
"Student 647",100,78.5576911439525,21.4423088560475,TRUE
"Student 648",91.9787015277332,73.2638847606359,18.7148167670972,TRUE
"Student 649",73.3196269224344,95.9640227756911,-22.6443958532567,FALSE
"Student 650",90.905567475828,90.1591866205939,0.746380855234079,TRUE
"Student 651",88.6232894017964,78.5791543699838,10.0441350318127,TRUE
"Student 652",97.3699879054985,100,-2.63001209450145,FALSE
"Student 653",89.6366525632529,95.822419093741,-6.18576653048811,FALSE
"Student 654",100,87.4589036802813,12.5410963197187,TRUE
"Student 655",83.9467134585579,79.8661596035048,4.08055385505311,TRUE
"Student 656",100,100,0,FALSE
"Student 657",98.1709972427613,63.9419540087321,34.2290432340292,TRUE
"Student 658",79.8049265181688,81.4079427816154,-1.60301626344661,FALSE
"Student 659",97.9337672552037,87.8284652918186,10.1053019633852,TRUE
"Student 660",89.5232032618343,100,-10.4767967381657,FALSE
"Student 661",84.8910413734001,91.9780990595553,-7.08705768615521,FALSE
"Student 662",100,100,0,FALSE
"Student 663",80.0159819057471,66.8229945374281,13.192987368319,TRUE
"Student 664",77.3718212294875,100,-22.6281787705125,FALSE
"Student 665",100,87.6290921534177,12.3709078465823,TRUE
"Student 666",86.4451535368343,86.950308648941,-0.505155112106678,FALSE
"Student 667",100,100,0,FALSE
"Student 668",88.9939019752762,86.756296303191,2.23760567208519,TRUE
"Student 669",81.5123119850395,69.5685608749897,11.9437511100498,TRUE
"Student 670",82.1649802021392,61.6287328061795,20.5362473959598,TRUE
"Student 671",91.2104279352175,92.7350622609823,-1.52463432576477,FALSE
"Student 672",91.8133715702003,94.1137907636862,-2.30041919348591,FALSE
"Student 673",92.1380301804225,80.8780813189892,11.2599488614334,TRUE
"Student 674",96.626653229077,79.4002130201927,17.2264402088843,TRUE
"Student 675",72.9849746830476,88.0870116072731,-15.1020369242255,FALSE
"Student 676",79.1171034977703,100,-20.8828965022297,FALSE
"Student 677",83.3559806957388,100,-16.6440193042612,FALSE
"Student 678",91.7398671040522,95.6396607102187,-3.89979360616657,FALSE
"Student 679",86.0509545237433,84.019295143881,2.03165937986222,TRUE
"Student 680",98.5130489369147,100,-1.4869510630853,FALSE
"Student 681",74.8792681535646,88.4859926226319,-13.6067244690673,FALSE
"Student 682",93.9609254595683,81.6216863682675,12.3392390913008,TRUE
"Student 683",74.8964438811893,79.0277102944588,-4.13126641326956,FALSE
"Student 684",84.5566410684156,76.3045585228944,8.25208254552123,TRUE
"Student 685",91.7302813726962,73.4262411761538,18.3040401965424,TRUE
"Student 686",100,92.9885208690009,7.01147913099912,TRUE
"Student 687",99.0227288024319,100,-0.977271197568143,FALSE
"Student 688",95.7200153140407,54.2540394581884,41.4659758558524,TRUE
"Student 689",88.8957417057877,73.6697132627331,15.2260284430547,TRUE
"Student 690",95.416893832502,89.2306265313256,6.18626730117644,TRUE
"Student 691",82.0673933983159,78.6352675454183,3.43212585289757,TRUE
"Student 692",82.8173255932769,72.3937751522538,10.4235504410231,TRUE
"Student 693",89.2233884718831,89.1825369565264,0.0408515153566924,TRUE
"Student 694",91.7513871623659,77.9972262971216,13.7541608652443,TRUE
"Student 695",75.2153067524329,90.9211025210666,-15.7057957686337,FALSE
"Student 696",89.9928158949914,79.1549397919385,10.8378761030529,TRUE
"Student 697",81.6254547727067,82.0127552140711,-0.387300441364374,FALSE
"Student 698",91.9440436959512,77.5935561122172,14.350487583734,TRUE
"Student 699",92.8799980991448,90.3864918884044,2.49350621074039,TRUE
"Student 700",84.432761588525,57.9234901728333,26.5092714156917,TRUE
"Student 701",90.3998009644282,86.6919289337627,3.70787203066554,TRUE
"Student 702",91.2234334263714,95.3751280154794,-4.151694589108,FALSE
"Student 703",89.2203990085781,53.0186102990418,36.2017887095363,TRUE
"Student 704",81.8482477054397,77.5157699290622,4.3324777763775,TRUE
"Student 705",88.0085784537203,86.4422745532183,1.56630390050195,TRUE
"Student 706",96.8393605411779,98.9398525603926,-2.10049201921467,FALSE
"Student 707",96.3697785097547,84.5205749010748,11.8492036086799,TRUE
"Student 708",80.6956277411391,87.4831236771268,-6.78749593598774,FALSE
"Student 709",89.589070331923,80.6650047029769,8.92406562894617,TRUE
"Student 710",87.9409709792747,83.0034051658745,4.93756581340021,TRUE
"Student 711",100,98.6469712066601,1.35302879333993,TRUE
"Student 712",100,72.3342174905834,27.6657825094166,TRUE
"Student 713",91.847775927849,82.6725620754442,9.17521385240477,TRUE
"Student 714",87.1229436278345,87.1709553199287,-0.0480116920941924,FALSE
"Student 715",88.171620802337,72.8809411216107,15.2906796807262,TRUE
"Student 716",85.6693403404601,94.102775489584,-8.43343514912392,FALSE
"Student 717",82.5664891871411,90.3897049739294,-7.82321578678831,FALSE
"Student 718",94.9794727161625,95.9059006110008,-0.926427894838213,FALSE
"Student 719",83.6827199846635,81.6043631113481,2.07835687331536,TRUE
"Student 720",90.3848306084216,97.0606300900087,-6.67579948158708,FALSE
"Student 721",98.7656040503531,63.3649992041438,35.4006048462093,TRUE
"Student 722",88.5185845252418,78.650810437818,9.86777408742384,TRUE
"Student 723",81.7350036072303,100,-18.2649963927697,FALSE
"Student 724",90.5663251468553,72.4742868904504,18.0920382564049,TRUE
"Student 725",93.1703315952165,84.8436745855274,8.32665700968903,TRUE
"Student 726",83.5582811389579,100,-16.4417188610421,FALSE
"Student 727",88.7333249694725,93.4987228833742,-4.76539791390169,FALSE
"Student 728",84.0508661807859,91.961873950477,-7.9110077696911,FALSE
"Student 729",79.1955799090562,81.4126189240862,-2.21703901502995,FALSE
"Student 730",99.5749578535963,98.5616269311896,1.01333092240667,TRUE
"Student 731",87.1522936318973,81.2179078324416,5.9343857994557,TRUE
"Student 732",100,69.2657095547975,30.7342904452025,TRUE
"Student 733",100,83.6302193697346,16.3697806302654,TRUE
"Student 734",81.3754755176193,70.5035922794496,10.8718832381698,TRUE
"Student 735",88.6472122517194,98.2945869910194,-9.64737473929998,FALSE
"Student 736",87.9348957225316,97.936866706381,-10.0019709838494,FALSE
"Student 737",80.1025938569559,98.6837920582577,-18.5811982013019,FALSE
"Student 738",72.681297534266,86.2130672372927,-13.5317697030268,FALSE
"Student 739",80.1387431568296,76.765496057959,3.37324709887062,TRUE
"Student 740",79.3846149964219,82.8892082896198,-3.50459329319786,FALSE
"Student 741",87.4461263971738,93.588573108845,-6.14244671167125,FALSE
"Student 742",100,90.3722066059332,9.62779339406676,TRUE
"Student 743",100,92.4006136531062,7.59938634689377,TRUE
"Student 744",100,76.8771518930739,23.1228481069261,TRUE
"Student 745",100,78.5317877890769,21.4682122109231,TRUE
"Student 746",100,90.58706954806,9.41293045194004,TRUE
"Student 747",73.9938658517675,100,-26.0061341482325,FALSE
"Student 748",83.4815213195393,67.5573230004017,15.9241983191375,TRUE
"Student 749",85.4380586253904,70.5165883605933,14.9214702647971,TRUE
"Student 750",97.9114567566124,84.6554109239634,13.256045832649,TRUE
"Student 751",93.7901435579136,77.6142063539116,16.175937204002,TRUE
"Student 752",81.4991642387286,79.6207240839028,1.87844015482587,TRUE
"Student 753",74.9322711368612,96.2254233637963,-21.2931522269351,FALSE
"Student 754",100,86.9576250911081,13.0423749088919,TRUE
"Student 755",99.0935770255093,92.3389259864931,6.75465103901621,TRUE
"Student 756",85.9652040967293,86.5764852733441,-0.611281176614824,FALSE
"Student 757",91.9309885409126,73.2466209100311,18.6843676308815,TRUE
"Student 758",83.5555860196684,84.2676476611961,-0.712061641527654,FALSE
"Student 759",83.7580804032657,78.9226358237106,4.83544457955509,TRUE
"Student 760",95.0933923723385,96.1407572040885,-1.04736483174996,FALSE
"Student 761",100,92.4825638740563,7.51743612594369,TRUE
"Student 762",98.7685544884013,88.3969365129636,10.3716179754377,TRUE
"Student 763",77.0244910265857,86.1875006526335,-9.16300962604778,FALSE
"Student 764",100,79.0643197025525,20.9356802974475,TRUE
"Student 765",64.9123808992383,72.7780933288479,-7.86571242960959,FALSE
"Student 766",62.3630858303416,80.0226885795485,-17.6596027492069,FALSE
"Student 767",85.9913369016625,77.7201216300851,8.27121527157735,TRUE
"Student 768",83.4798293322293,92.8362023096771,-9.35637297744782,FALSE
"Student 769",92.5226008795787,60.2430080022644,32.2795928773143,TRUE
"Student 770",96.7462339425628,88.7960523459482,7.95018159661454,TRUE
"Student 771",100,76.6755479100038,23.3244520899962,TRUE
"Student 772",91.782083819403,88.4789229672713,3.30316085213175,TRUE
"Student 773",60.6733768278046,90.5824856862588,-29.9091088584541,FALSE
"Student 774",100,76.3377325477321,23.6622674522679,TRUE
"Student 775",98.8458897626906,83.6935914823474,15.1522982803432,TRUE
"Student 776",97.4325291326471,100,-2.56747086735292,FALSE
"Student 777",100,96.8611091300343,3.13889086996571,TRUE
"Student 778",100,84.9380857107467,15.0619142892533,TRUE
"Student 779",89.576613820198,42.1333731635486,47.4432406566494,TRUE
"Student 780",81.2350417379818,97.5010607753093,-16.2660190373275,FALSE
"Student 781",100,99.3182702081061,0.681729791893915,TRUE
"Student 782",74.2338353599311,94.3855071518995,-20.1516717919684,FALSE
"Student 783",99.1055228440533,91.6016346053804,7.5038882386729,TRUE
"Student 784",86.2638451354031,99.4599909451595,-13.1961458097564,FALSE
"Student 785",91.7883180547275,79.201040973889,12.5872770808386,TRUE
"Student 786",90.08156394625,71.9797522878853,18.1018116583647,TRUE
"Student 787",84.4110337378196,78.8720739952958,5.53895974252379,TRUE
"Student 788",82.2054181684525,91.0951693766464,-8.88975120819391,FALSE
"Student 789",75.8749902793866,78.628012623997,-2.75302234461046,FALSE
"Student 790",94.9757635210746,94.3300508083343,0.645712712740334,TRUE
"Student 791",70.3847988637195,93.7324820209374,-23.3476831572179,FALSE
"Student 792",94.1274885877934,74.5913653527333,19.5361232350601,TRUE
"Student 793",96.3086252365578,94.6608353515378,1.64778988502,TRUE
"Student 794",99.1008930076287,86.5397113184588,12.5611816891699,TRUE
"Student 795",100,85.9120483467229,14.0879516532771,TRUE
"Student 796",91.2857810687554,86.0212781754575,5.26450289329796,TRUE
"Student 797",68.0535500270938,91.8914803868201,-23.8379303597263,FALSE
"Student 798",79.8199915353605,74.9996511287204,4.82034040664004,TRUE
"Student 799",82.4013758004391,82.5670505808288,-0.165674780389651,FALSE
"Student 800",100,97.8663248924268,2.13367510757321,TRUE
"Student 801",80.4064293504832,100,-19.5935706495168,FALSE
"Student 802",75.7092005776167,76.7282806695415,-1.01908009192478,FALSE
"Student 803",68.0750161929673,86.6738976991863,-18.598881506219,FALSE
"Student 804",96.6782055215722,84.6427015832123,12.03550393836,TRUE
"Student 805",96.8849304263187,61.4672972712372,35.4176331550815,TRUE
"Student 806",80.8673351905103,70.2147127747834,10.6526224157269,TRUE
"Student 807",81.2592719915626,99.9323263053322,-18.6730543137696,FALSE
"Student 808",83.8444403389037,84.4309350922703,-0.586494753366608,FALSE
"Student 809",97.1900824631831,52.5634039332101,44.626678529973,TRUE
"Student 810",71.4867301510421,80.2449503221859,-8.75822017114385,FALSE
"Student 811",87.7657206167345,95.3221827896825,-7.55646217294797,FALSE
"Student 812",94.6581251626216,90.8994640976439,3.75866106497769,TRUE
"Student 813",91.9021157773199,94.9780403775906,-3.07592460027072,FALSE
"Student 814",68.6981738881852,56.9116199626416,11.7865539255435,TRUE
"Student 815",92.2939160189149,65.7885590131522,26.5053570057628,TRUE
"Student 816",88.8874507359125,84.1164376656797,4.7710130702328,TRUE
"Student 817",89.5933414379322,73.1564281955683,16.4369132423638,TRUE
"Student 818",68.4355324442294,100,-31.5644675557706,FALSE
"Student 819",90.9862189860631,89.4499683524038,1.53625063365934,TRUE
"Student 820",95.6164627823077,95.9500729994142,-0.333610217106525,FALSE
"Student 821",88.8270460006446,68.5440133384164,20.2830326622282,TRUE
"Student 822",78.5052563126962,73.8788315812479,4.62642473144824,TRUE
"Student 823",100,73.5368336405893,26.4631663594107,TRUE
"Student 824",81.9735896641812,100,-18.0264103358188,FALSE
"Student 825",90.0681043422603,85.4069983357601,4.66110600650016,TRUE
"Student 826",81.40676280292,62.5732162017592,18.8335466011608,TRUE
"Student 827",82.5262831920383,86.27731017133,-3.75102697929174,FALSE
"Student 828",91.4753144881577,82.3570084851456,9.11830600301205,TRUE
"Student 829",62.4265327046495,71.2515465489673,-8.82501384431787,FALSE
"Student 830",80.8567525237598,63.6603642352839,17.1963882884759,TRUE
"Student 831",83.4351461421965,79.3865445027765,4.04860163942004,TRUE
"Student 832",79.546464470362,93.4381531133611,-13.8916886429992,FALSE
"Student 833",100,99.7084473163158,0.291552683684159,TRUE
"Student 834",66.8975277546234,70.0457826043151,-3.14825484969172,FALSE
"Student 835",94.5562380452365,88.1581718245383,6.39806622069814,TRUE
"Student 836",100,80.9635788590724,19.0364211409276,TRUE
"Student 837",95.5038389229627,82.2079687733849,13.2958701495778,TRUE
"Student 838",82.3299676605646,96.2921958325637,-13.9622281719992,FALSE
"Student 839",78.4981535659289,97.8795723994233,-19.3814188334943,FALSE
"Student 840",84.6064144983936,85.7519492205255,-1.14553472213193,FALSE
"Student 841",89.9172248866202,98.9933738193276,-9.07614893270735,FALSE
"Student 842",73.0134639351812,91.491165293063,-18.4777013578818,FALSE
"Student 843",82.1529514547254,85.8146575129228,-3.66170605819741,FALSE
"Student 844",95.6053820795068,84.6194253195147,10.9859567599921,TRUE
"Student 845",76.4198233361392,91.3977798965482,-14.977956560409,FALSE
"Student 846",84.0566463627521,71.565135438891,12.491510923861,TRUE
"Student 847",92.5219789822128,73.1036728342482,19.4183061479646,TRUE
"Student 848",86.3728431235452,91.9231241476222,-5.55028102407701,FALSE
"Student 849",77.2092408965805,96.4461794443839,-19.2369385478033,FALSE
"Student 850",79.9856934037158,80.0911091243104,-0.105415720594635,FALSE
"Student 851",100,50.7844295867461,49.2155704132539,TRUE
"Student 852",77.0411662823528,89.282878989878,-12.2417127075252,FALSE
"Student 853",73.6365241517833,81.3492696459048,-7.71274549412151,FALSE
"Student 854",85.9595170108563,82.7785525524286,3.18096445842775,TRUE
"Student 855",90.6277471835535,69.3627123820173,21.2650348015362,TRUE
"Student 856",86.159009165288,100,-13.840990834712,FALSE
"Student 857",86.4811924458662,91.7194275312049,-5.23823508533866,FALSE
"Student 858",96.3662832375614,100,-3.63371676243861,FALSE
"Student 859",84.9167186382431,91.3120195354034,-6.39530089716028,FALSE
"Student 860",87.1378004634519,100,-12.8621995365481,FALSE
"Student 861",100,86.9651066743192,13.0348933256808,TRUE
"Student 862",93.7408737151781,83.4000164653478,10.3408572498303,TRUE
"Student 863",100,91.0548641360122,8.94513586398783,TRUE
"Student 864",82.5423301491226,70.8606226075873,11.6817075415353,TRUE
"Student 865",71.3314240561902,71.9690677744731,-0.637643718282959,FALSE
"Student 866",76.8170088906047,79.0414811436449,-2.22447225304015,FALSE
"Student 867",94.4747028685266,87.183806299671,7.29089656885559,TRUE
"Student 868",76.4195962102917,64.1003790241953,12.3192171860963,TRUE
"Student 869",98.877134852288,79.4594408149224,19.4176940373656,TRUE
"Student 870",90.8354394314825,76.1539318815554,14.6815075499271,TRUE
"Student 871",100,90.143502302878,9.85649769712201,TRUE
"Student 872",78.3294279123216,94.2851631632236,-15.955735250902,FALSE
"Student 873",93.1099716918806,84.4010272364706,8.70894445541002,TRUE
"Student 874",82.7636616998386,77.0981710501824,5.66549064965619,TRUE
"Student 875",89.9192897126306,100,-10.0807102873694,FALSE
"Student 876",93.8492430901216,89.6029690065901,4.24627408353156,TRUE
"Student 877",100,80.2346462431384,19.7653537568616,TRUE
"Student 878",93.9953973380521,80.5283148088764,13.4670825291756,TRUE
"Student 879",91.2592502361069,72.7096248256312,18.5496254104757,TRUE
"Student 880",96.2185033231853,84.8946880736444,11.3238152495408,TRUE
"Student 881",72.4935462263157,67.5946287576656,4.89891746865017,TRUE
"Student 882",91.6615197520936,79.6924220692278,11.9690976828659,TRUE
"Student 883",91.7271247397626,89.0244096880454,2.70271505171721,TRUE
"Student 884",86.4964665720485,98.1933957131268,-11.6969291410783,FALSE
"Student 885",96.3080635677655,89.8968203872097,6.41124318055586,TRUE
"Student 886",81.2834975556541,90.1161770349614,-8.83267947930732,FALSE
"Student 887",86.9329629872418,73.4328122667607,13.5001507204811,TRUE
"Student 888",86.4770989627828,82.0509708212425,4.42612814154026,TRUE
"Student 889",75.2044239276136,100,-24.7955760723864,FALSE
"Student 890",81.7951982666488,65.8318013038175,15.9633969628313,TRUE
"Student 891",94.4734173901064,100,-5.52658260989364,FALSE
"Student 892",89.4487176657959,74.2263047955641,15.2224128702318,TRUE
"Student 893",87.926772815343,89.436842369788,-1.51006955444504,FALSE
"Student 894",80.1894198955086,92.2934920170343,-12.1040721215257,FALSE
"Student 895",81.9308571684133,93.8153879354587,-11.8845307670454,FALSE
"Student 896",89.4546625024929,87.0906380165059,2.36402448598707,TRUE
"Student 897",93.2409339151065,80.380227595873,12.8607063192335,TRUE
"Student 898",75.2068998273088,82.624195435227,-7.41729560791822,FALSE
"Student 899",98.4285224696018,76.8835404851629,21.5449819844389,TRUE
"Student 900",92.1826805137675,82.4122581274991,9.77042238626831,TRUE
"Student 901",87.2639010229622,51.6974056223212,35.566495400641,TRUE
"Student 902",89.4313334877026,79.8045552128942,9.6267782748084,TRUE
"Student 903",100,80.9558881183952,19.0441118816048,TRUE
"Student 904",92.85340058783,66.594486149846,26.258914437984,TRUE
"Student 905",81.6640675047921,87.2281382670894,-5.56407076229729,FALSE
"Student 906",100,66.5826644014305,33.4173355985695,TRUE
"Student 907",93.8414776209423,80.6975475410006,13.1439300799417,TRUE
"Student 908",100,81.2789215124667,18.7210784875333,TRUE
"Student 909",100,80.4098237545057,19.5901762454943,TRUE
"Student 910",94.5854573022824,76.7546408066993,17.8308164955831,TRUE
"Student 911",100,73.6793188464177,26.3206811535823,TRUE
"Student 912",100,80.4870200905928,19.5129799094072,TRUE
"Student 913",100,100,0,FALSE
"Student 914",91.4390065401351,89.8958154969655,1.54319104316961,TRUE
"Student 915",81.4260532084724,80.6524463154971,0.773606892975266,TRUE
"Student 916",83.8220010056464,78.9777684628394,4.84423254280698,TRUE
"Student 917",59.5421724208335,89.2845209227268,-29.7423485018933,FALSE
"Student 918",90.5615751500511,91.1052201868284,-0.543645036777377,FALSE
"Student 919",100,78.3070182333554,21.6929817666446,TRUE
"Student 920",81.9865403209464,77.0278974740285,4.95864284691784,TRUE
"Student 921",86.5940927659205,86.356413498609,0.237679267311449,TRUE
"Student 922",77.2700550056242,100,-22.7299449943758,FALSE
"Student 923",95.3283930355423,65.7794158651723,29.54897717037,TRUE
"Student 924",94.9041834903364,69.3607791422793,25.5434043480572,TRUE
"Student 925",96.0284434793985,84.6496911487599,11.3787523306385,TRUE
"Student 926",92.7827414159826,81.5870249330281,11.1957164829545,TRUE
"Student 927",74.9978603088448,51.585691972957,23.4121683358879,TRUE
"Student 928",74.4029541944087,80.1395965397285,-5.73664234531989,FALSE
"Student 929",87.7612283876869,78.7926972957561,8.96853109193081,TRUE
"Student 930",69.1420147785561,85.5815296355767,-16.4395148570206,FALSE
"Student 931",75.6613623738381,83.2400079849942,-7.57864561115616,FALSE
"Student 932",88.2598667830487,71.0639077659529,17.1959590170958,TRUE
"Student 933",100,79.0568098655989,20.9431901344011,TRUE
"Student 934",100,82.3512475537928,17.6487524462072,TRUE
"Student 935",98.5513781152816,73.042677320976,25.5087007943056,TRUE
"Student 936",76.9669340459764,79.3265410951921,-2.35960704921568,FALSE
"Student 937",88.3975786521619,92.6140435605545,-4.21646490839262,FALSE
"Student 938",82.9021507028939,98.398777021192,-15.4966263182981,FALSE
"Student 939",96.6456279143692,79.0823551375877,17.5632727767815,TRUE
"Student 940",81.2831350223293,68.2038218954517,13.0793131268777,TRUE
"Student 941",72.2074492901775,79.234179839047,-7.02673054886949,FALSE
"Student 942",74.9667231481994,75.9509604732132,-0.984237325013808,FALSE
"Student 943",85.2207580052781,85.9062031227867,-0.685445117508593,FALSE
"Student 944",95.5093391188471,80.7911105469668,14.7182285718803,TRUE
"Student 945",91.2406531837487,63.8732704214335,27.3673827623152,TRUE
"Student 946",98.667207105886,76.2313725487245,22.4358345571615,TRUE
"Student 947",79.2297663801777,99.3689537281708,-20.1391873479931,FALSE
"Student 948",91.8312725802568,77.3282552376207,14.5030173426361,TRUE
"Student 949",84.2175065593685,88.1803604137134,-3.96285385434483,FALSE
"Student 950",95.1264001208373,75.6753069512091,19.4510931696283,TRUE
"Student 951",69.8179394575184,100,-30.1820605424816,FALSE
"Student 952",91.7670388737679,77.6170611460552,14.1499777277127,TRUE
"Student 953",91.1086498391816,80.0200829445949,11.0885668945867,TRUE
"Student 954",90.3387911634689,82.4201487867075,7.91864237676138,TRUE
"Student 955",83.3136947452253,80.1019743077559,3.21172043746944,TRUE
"Student 956",87.8721313399522,72.3116691344616,15.5604622054906,TRUE
"Student 957",91.8385195433323,87.024767767914,4.81375177541831,TRUE
"Student 958",87.7386738225148,75.1449621509132,12.5937116716016,TRUE
"Student 959",77.669725897646,88.9990292174414,-11.3293033197953,FALSE
"Student 960",78.3349152785006,53.0810355891267,25.253879689374,TRUE
"Student 961",91.6483376565869,71.7398222445565,19.9085154120304,TRUE
"Student 962",81.3933865031119,64.8458215400087,16.5475649631032,TRUE
"Student 963",75.8629235381878,92.0010668270381,-16.1381432888502,FALSE
"Student 964",69.0464539703267,67.123684032523,1.92276993780371,TRUE
"Student 965",88.4237799406063,88.1065209362067,0.317259004399588,TRUE
"Student 966",91.0027798509434,89.3928179264827,1.60996192446073,TRUE
"Student 967",78.7794014757959,86.2522403454338,-7.47283886963794,FALSE
"Student 968",85.2685424721217,88.2058961770065,-2.93735370488477,FALSE
"Student 969",93.6872506429511,88.5549379929431,5.13231265000807,TRUE
"Student 970",80.0192571631707,83.731484062495,-3.71222689932421,FALSE
"Student 971",81.9995756494349,73.4135093279529,8.58606632148201,TRUE
"Student 972",79.6005538408953,73.7930521544706,5.80750168642477,TRUE
"Student 973",84.8707094022428,85.4943510273065,-0.623641625063755,FALSE
"Student 974",87.9102882864597,97.21740985644,-9.30712156998032,FALSE
"Student 975",88.6297925490067,76.5436734223774,12.0861191266293,TRUE
"Student 976",80.8341326917484,83.0462497471439,-2.21211705539557,FALSE
"Student 977",98.6979887011573,92.4828085207867,6.21518018037062,TRUE
"Student 978",86.0057558885651,73.5140129365459,12.4917429520192,TRUE
"Student 979",98.3086816790695,100,-1.69131832093052,FALSE
"Student 980",95.7339055543241,85.5198256804264,10.2140798738978,TRUE
"Student 981",93.0116542156311,71.2782801932745,21.7333740223566,TRUE
"Student 982",92.0363162126021,96.7705246244771,-4.73420841187506,FALSE
"Student 983",73.8847159590282,100,-26.1152840409718,FALSE
"Student 984",92.3474892294056,100,-7.65251077059442,FALSE
"Student 985",81.929020424681,100,-18.070979575319,FALSE
"Student 986",96.5634187205509,63.7139907236563,32.8494279968946,TRUE
"Student 987",92.8521402352389,73.2011741206694,19.6509661145695,TRUE
"Student 988",86.9901028762981,82.317830364469,4.67227251182908,TRUE
"Student 989",94.2071839923445,67.7935580093721,26.4136259829724,TRUE
"Student 990",80.9212784131784,82.8822515366334,-1.96097312345505,FALSE
"Student 991",74.2732303472864,81.8464115410772,-7.5731811937908,FALSE
"Student 992",79.3005425845193,75.9002969524183,3.40024563210105,TRUE
"Student 993",72.2086521791346,85.5575825610413,-13.3489303819067,FALSE
"Student 994",75.6172406974478,92.0405465622415,-16.4233058647936,FALSE
"Student 995",93.0299630266606,85.0933574749146,7.93660555174603,TRUE
"Student 996",92.5366722199164,67.5561229540152,24.9805492659011,TRUE
"Student 997",87.1807060937108,80.4529524146924,6.72775367901835,TRUE
"Student 998",97.1934134212172,79.9878319780338,17.2055814431835,TRUE
"Student 999",80.2197203709254,91.8733769394456,-11.6536565685202,FALSE
"Student 1000",69.4060959439522,98.7986137477994,-29.3925178038473,FALSE
